Name	Gene(s)	Protein change	Condition(s)	Accession	GRCh37Chromosome	GRCh37Location	GRCh38Chromosome	GRCh38Location	VariationID	AlleleID(s)	dbSNP ID	Canonical SPDI	Variant type	Molecular consequence	Germline classification	Germline date last evaluated	Germline review status	Somatic clinical impact	Somatic clinical impact date last evaluated	Somatic clinical impact review status	Oncogenicity classification	Oncogenicity date last evaluated	Oncogenicity review status	
NM_000321.3(RB1):c.9_42dup (p.Ala15fs)	RB1	A15fs	Hereditary cancer-predisposing syndrome|Retinoblastoma	VCV000428711	13	48878050 - 48878051	13	48303914 - 48303915	428711	420501	rs1555279195	NC_000013.11:48303914:GCCGCCCAAAACCCCCCGAAAAACGGCCGCCACCGCCGCC:GCCGCCCAAAACCCCCCGAAAAACGGCCGCCACCGCCGCCCAAAACCCCCCGAAAAACGGCCGCCACCGCCGCC	Duplication	frameshift variant|initiator_codon_variant	Pathogenic	May 20, 2024	criteria provided, multiple submitters, no conflicts							
NM_000321.3(RB1):c.13del (p.Thr5fs)	RB1	T5fs	Retinoblastoma	VCV002582267	13	48878058	13	48303922	2582267	2749840		NC_000013.11:48303921:AAAA:AAA	Deletion	frameshift variant	Pathogenic	May 20, 2024	criteria provided, multiple submitters, no conflicts							
NM_000321.3(RB1):c.19dup (p.Arg7fs)	RB1	R7fs	not provided|Hereditary cancer-predisposing syndrome|Retinoblastoma	VCV000428670	13	48878061 - 48878062	13	48303925 - 48303926	428670	420503	rs1131690852	NC_000013.11:48303925:CCCCCC:CCCCCCC	Duplication	frameshift variant	Pathogenic	Jul 13, 2024	criteria provided, multiple submitters, no conflicts							
NM_000321.3(RB1):c.19del (p.Arg7fs)	RB1	R7fs	Retinoblastoma|Hereditary cancer-predisposing syndrome	VCV001073217	13	48878062	13	48303926	1073217	1062978	rs1131690852	NC_000013.11:48303925:CCCCCC:CCCCC	Deletion	frameshift variant	Pathogenic	May 27, 2024	criteria provided, multiple submitters, no conflicts							
NM_000321.3(RB1):c.20_21insC (p.Thr9fs)	RB1	T9fs	Retinoblastoma	VCV003236951	13	48878068 - 48878069	13	48303932 - 48303933	3236951	3396077		NC_000013.11:48303932::C	Insertion	frameshift variant	Pathogenic	May 20, 2024	criteria provided, single submitter							
NM_000321.3(RB1):c.25del (p.Thr9fs)	RB1	T9fs	Hereditary cancer-predisposing syndrome	VCV002585722	13	48878069	13	48303933	2585722	2753282		NC_000013.11:48303932:AAAAA:AAAA	Deletion	frameshift variant	Pathogenic	Jul 24, 2023	criteria provided, single submitter							
NM_000321.3(RB1):c.24_61del (p.Lys8fs)	RB1	K8fs	Retinoblastoma	VCV002692726	13	48878072 - 48878109	13	48303936 - 48303973	2692726	2863553		NC_000013.11:48303935:AACGGCCGCCACCGCCGCCGCTGCCGCCGCGGAACCCC:	Deletion	frameshift variant	Pathogenic	Nov 2, 2023	criteria provided, single submitter							
NM_000321.3(RB1):c.34_74del (p.Thr12fs)	RB1	T12fs	Retinoblastoma|Neoplasm	VCV003236970	13	48878076 - 48878116	13	48303940 - 48303980	3236970	3396096		NC_000013.11:48303939:GCCGCCACCGCCGCCGCTGCCGCCGCGGAACCCCCGGCACCGCCGCC:GCCGCC	Deletion	frameshift variant	Pathogenic	May 20, 2024	criteria provided, single submitter				Likely oncogenic	Mar 4, 2025	criteria provided, single submitter	
NM_000321.3(RB1):c.34_71del (p.Thr12fs)	RB1	T12fs	Retinoblastoma	VCV001397119	13	48878077 - 48878114	13	48303941 - 48303978	1397119	1414993	rs2138027150	NC_000013.11:48303940:CCGCCACCGCCGCCGCTGCCGCCGCGGAACCCCCGGCACCGCC:CCGCC	Deletion	frameshift variant	Pathogenic/Likely pathogenic	May 20, 2024	criteria provided, multiple submitters, no conflicts							
NM_000321.3(RB1):c.32_63del (p.Ala11fs)	RB1	A11fs	Retinoblastoma	VCV000802963	13	48878077 - 48878108	13	48303941 - 48303972	802963	791346	rs1593411974	NC_000013.11:48303940:CCGCCACCGCCGCCGCTGCCGCCGCGGAACCCCCG:CCG	Deletion	frameshift variant	Pathogenic/Likely pathogenic	May 20, 2024	criteria provided, multiple submitters, no conflicts							
NM_000321.3(RB1):c.45_76del (p.Ala17fs)	RB1	A17fs	Retinoblastoma	VCV000659361	13	48878081 - 48878112	13	48303945 - 48303976	659361	641946	rs1593412002	NC_000013.11:48303944:CACCGCCGCCGCTGCCGCCGCGGAACCCCCGGCACCGCCGCCGC:CACCGCCGCCGC	Deletion	frameshift variant	Pathogenic	May 20, 2024	criteria provided, multiple submitters, no conflicts							
NM_000321.3(RB1):c.43_80dup (p.Pro28fs)	RB1	P28fs	Retinoblastoma	VCV002663974	13	48878082 - 48878083	13	48303946 - 48303947	2663974	2831444		NC_000013.11:48303946:CCGCCGCCGCTGCCGCCGCGGAACCCCCGGCACCGCCGCCGCCGCC:CCGCCGCCGCTGCCGCCGCGGAACCCCCGGCACCGCCGCCGCCGCCGCTGCCGCCGCGGAACCCCCGGCACCGCCGCCGCCGCC	Duplication	frameshift variant	Pathogenic	Aug 31, 2023	criteria provided, single submitter							
NM_000321.3(RB1):c.45_79del (p.Ala16fs)	RB1	A16fs	Retinoblastoma|not provided	VCV001453924	13	48878083 - 48878117	13	48303947 - 48303981	1453924	1451448	rs2138027212	NC_000013.11:48303946:CCGCCGCCGCTGCCGCCGCGGAACCCCCGGCACCGCCGCCGCCGC:CCGCCGCCGC	Deletion	frameshift variant	Pathogenic	Jul 1, 2022	criteria provided, multiple submitters, no conflicts							
NM_000321.3(RB1):c.43_80del (p.Ala15fs)	RB1	A15fs	Retinoblastoma	VCV001070330	13	48878083 - 48878120	13	48303947 - 48303984	1070330	1062979	rs2138027218	NC_000013.11:48303946:CCGCCGCCGCTGCCGCCGCGGAACCCCCGGCACCGCCGCCGCCGCC:CCGCCGCC	Deletion	frameshift variant	Pathogenic	Sep 27, 2023	criteria provided, single submitter							
NM_000321.3(RB1):c.36del (p.Ala13fs)	RB1	A13fs	Retinoblastoma	VCV000580945	13	48878083	13	48303947	580945	572492	rs1566174065	NC_000013.11:48303946:CC:C	Deletion	frameshift variant	Pathogenic	May 30, 2018	criteria provided, single submitter							
NM_000321.3(RB1):c.37_65del (p.Ala13fs)	RB1	A13fs	Retinoblastoma	VCV000410951	13	48878084 - 48878112	13	48303948 - 48303976	410951	400193	rs1064792974	NC_000013.11:48303947:CGCCGCCGCTGCCGCCGCGGAACCCCCGGC:C	Deletion	frameshift variant	Pathogenic	May 25, 2018	criteria provided, single submitter							
NM_000321.3(RB1):c.45_70dup (p.Pro24fs)	RB1	P24fs	Retinoblastoma	VCV000567591	13	48878088 - 48878089	13	48303952 - 48303953	567591	568554	rs1566174074	NC_000013.11:48303952:CCGCTGCCGCCGCGGAACCCCCGGCACCGC:CCGCTGCCGCCGCGGAACCCCCGGCACCGCTGCCGCCGCGGAACCCCCGGCACCGC	Duplication	frameshift variant	Pathogenic	Sep 29, 2021	criteria provided, single submitter							
NM_000321.3(RB1):c.43_65dup (p.Pro23fs)	RB1	P23fs	Retinoblastoma	VCV000013095	13	48878089 - 48878090	13	48303953 - 48303954	13095	28134	rs587776790	NC_000013.11:48303953:CGCTGCCGCCGCGGAACCCCCGGC:CGCTGCCGCCGCGGAACCCCCGGCGCTGCCGCCGCGGAACCCCCGGC	Duplication	frameshift variant	Pathogenic	May 20, 2024	criteria provided, single submitter							
NM_000321.3(RB1):c.49_80dup (p.Pro29fs)	RB1	P29fs	Retinoblastoma	VCV002752472	13	48878093 - 48878094	13	48303957 - 48303958	2752472	2916238		NC_000013.11:48303957:GCCGCCGCGGAACCCCCGGCACCGCCGCCGCCGCC:GCCGCCGCGGAACCCCCGGCACCGCCGCCGCCGCCGCCGCGGAACCCCCGGCACCGCCGCCGCCGCC	Duplication	frameshift variant	Pathogenic	Aug 14, 2023	criteria provided, single submitter							
NM_000321.3(RB1):c.54_79dup (p.Pro27fs)	RB1	P27fs	Hereditary cancer-predisposing syndrome	VCV001747311	13	48878093 - 48878094	13	48303957 - 48303958	1747311	1803062		NC_000013.11:48303957:GCCGCCGCGGAACCCCCGGCACCGCCGCCGCCGC:GCCGCCGCGGAACCCCCGGCACCGCCGCCGCCGCGGAACCCCCGGCACCGCCGCCGCCGC	Duplication	frameshift variant	Pathogenic	Jun 23, 2017	criteria provided, single submitter							
NM_000321.3(RB1):c.46_61GCC[2]GCGGAACCCCAGGCACCGCCGCCGCCGCCGCCGCGGAACCCC[1] (p.Pro21fs)	RB1	P21fs	Retinoblastoma	VCV001073997	13	48878093 - 48878094	13	48303957 - 48303958	1073997	1062980	rs2138027345	NC_000013.11:48303957:GCCGCCGCGGAACCCC:GCCGCCGCGGAACCCCAGGCACCGCCGCCGCCGCCGCCGCGGAACCCC	Microsatellite	frameshift variant	Pathogenic	Nov 29, 2022	criteria provided, single submitter							
NM_000321.3(RB1):c.54_76dup (p.Pro26fs)	RB1	P26fs	Hereditary cancer-predisposing syndrome|Retinoblastoma	VCV000428668	13	48878093 - 48878094	13	48303957 - 48303958	428668	420504	rs1555279210	NC_000013.11:48303957:GCCGCCGCGGAACCCCCGGCACCGCCGCCGC:GCCGCCGCGGAACCCCCGGCACCGCCGCCGCGGAACCCCCGGCACCGCCGCCGC	Duplication	frameshift variant	Pathogenic/Likely pathogenic	Dec 6, 2024	criteria provided, multiple submitters, no conflicts							
NM_000321.3(RB1):c.52_80del (p.Ala18fs)	RB1	A18fs	Retinoblastoma	VCV003237001	13	48878094 - 48878122	13	48303958 - 48303986	3237001	3396126		NC_000013.11:48303957:GCCGCCGCGGAACCCCCGGCACCGCCGCCGCCGCC:GCCGCC	Deletion	frameshift variant	Pathogenic	May 20, 2024	criteria provided, single submitter							
NM_000321.3(RB1):c.49_80del (p.Ala17fs)	RB1	A17fs	Retinoblastoma	VCV003236994	13	48878094 - 48878125	13	48303958 - 48303989	3236994	3396119		NC_000013.11:48303957:GCCGCCGCGGAACCCCCGGCACCGCCGCCGCCGCC:GCC	Deletion	frameshift variant	Pathogenic	May 20, 2024	criteria provided, single submitter							
NM_000321.3(RB1):c.46_65del (p.Ala16fs)	RB1	A16fs	Retinoblastoma	VCV003236985	13	48878094 - 48878113	13	48303958 - 48303977	3236985	3396110		NC_000013.11:48303957:GCCGCCGCGGAACCCCCGGC:	Deletion	frameshift variant	Pathogenic	May 20, 2024	criteria provided, single submitter							
NM_000321.3(RB1):c.54_73dup (p.Pro25fs)	RB1	P25fs	Retinoblastoma	VCV000458171	13	48878094 - 48878095	13	48303958 - 48303959	458171	463855	rs1555279212	NC_000013.11:48303958:CCGCCGCGGAACCCCCGGCACCGCCGC:CCGCCGCGGAACCCCCGGCACCGCCGCGGAACCCCCGGCACCGCCGC	Duplication	frameshift variant	Pathogenic	May 21, 2017	criteria provided, single submitter							
NM_000321.3(RB1):c.54_79del (p.Glu19fs)	RB1	E19fs	not provided|Hereditary cancer-predisposing syndrome	VCV000167564	13	48878094 - 48878119	13	48303958 - 48303983	167564	178000	rs727504120	NC_000013.11:48303957:GCCGCCGCGGAACCCCCGGCACCGCCGCCGCCGC:GCCGCCGC	Deletion	frameshift variant	Pathogenic	Mar 24, 2020	criteria provided, multiple submitters, no conflicts							
NM_000321.3(RB1):c.56_75dup (p.Pro26fs)	RB1	P26fs	Hereditary cancer-predisposing syndrome	VCV002450515	13	48878102 - 48878103	13	48303966 - 48303967	2450515	2423001		NC_000013.11:48303966:GAACCCCCGGCACCGCCGCCG:GAACCCCCGGCACCGCCGCCGAACCCCCGGCACCGCCGCCG	Duplication	frameshift variant	Pathogenic	Feb 23, 2023	criteria provided, single submitter							
NM_000321.3(RB1):c.62dup (p.Ala22fs)	RB1	A22fs	Retinoblastoma|not provided	VCV001073218	13	48878105 - 48878106	13	48303969 - 48303970	1073218	1062981	rs1469887040	NC_000013.11:48303969:CCCCC:CCCCCC	Duplication	frameshift variant	Pathogenic	Apr 5, 2023	criteria provided, multiple submitters, no conflicts							
NM_000321.3(RB1):c.62del (p.Pro21fs)	RB1	P21fs	Hereditary cancer-predisposing syndrome	VCV002565218	13	48878106	13	48303970	2565218	2732192		NC_000013.11:48303969:CCCCC:CCCC	Deletion	frameshift variant	Pathogenic	Apr 18, 2023	criteria provided, single submitter							
NM_000321.3(RB1):c.59_71del (p.Pro20fs)	RB1	P20fs	Retinoblastoma	VCV000958244	13	48878106 - 48878118	13	48303970 - 48303982	958244	948373	rs1952053203	NC_000013.11:48303969:CCCCCGGCACCGCC:C	Deletion	frameshift variant	Pathogenic	Oct 29, 2019	criteria provided, single submitter							
NM_000321.3(RB1):c.83del (p.Pro28fs)	RB1	P28fs	Retinoblastoma	VCV000580564	13	48878127	13	48303991	580564	572494	rs1276653645	NC_000013.11:48303990:CCCCC:CCCC	Deletion	frameshift variant	Pathogenic	Oct 23, 2024	criteria provided, single submitter							
NM_000321.3(RB1):c.84dup (p.Pro29fs)	RB1	P29fs	Retinoblastoma	VCV003721285	13	48878131 - 48878132	13	48303995 - 48303996	3721285	3853652		NC_000013.11:48303995:T:TT	Duplication	frameshift variant	Pathogenic	Oct 31, 2024	criteria provided, single submitter							
NM_000321.3(RB1):c.92dup (p.Asp32fs)	RB1	D32fs	Retinoblastoma	VCV000590845	13	48878139 - 48878140	13	48304003 - 48304004	590845	581783	rs1566174147	NC_000013.11:48304003:A:AA	Duplication	frameshift variant	Pathogenic	Aug 5, 2016	criteria provided, single submitter							
NM_000321.3(RB1):c.98dup (p.Glu34fs)	RB1	E34fs	Retinoblastoma	VCV000845216	13	48878143 - 48878144	13	48304007 - 48304008	845216	840901	rs1952054473	NC_000013.11:48304007:CCC:CCCC	Duplication	frameshift variant	Pathogenic	May 16, 2019	criteria provided, single submitter							
NM_000321.3(RB1):c.106del (p.Asp36fs)	RB1	D36fs	Hereditary cancer-predisposing syndrome	VCV000428741	13	48878153	13	48304017	428741	420505	rs1131690913	NC_000013.11:48304016:GG:G	Deletion	frameshift variant	Pathogenic	Dec 12, 2016	criteria provided, single submitter							
NM_000321.3(RB1):c.109dup (p.Ser37fs)	RB1	S37fs	Retinoblastoma	VCV002854117	13	48878156 - 48878157	13	48304020 - 48304021	2854117	3010483		NC_000013.11:48304020:A:AA	Duplication	frameshift variant	Pathogenic	Apr 9, 2023	criteria provided, single submitter							
NM_000321.3(RB1):c.109_112delinsCCAGA (p.Ser37fs)	RB1	S37fs	Retinoblastoma	VCV003236922	13	48878157 - 48878160	13	48304021 - 48304024	3236922	3396048		NC_000013.11:48304020:AGCG:CCAGA	Indel	frameshift variant	Pathogenic	May 20, 2024	criteria provided, single submitter							
NM_000321.3(RB1):c.110_122del (p.Ser37fs)	RB1	S37fs	Retinoblastoma	VCV002749627	13	48878157 - 48878169	13	48304021 - 48304033	2749627	2908224		NC_000013.11:48304020:AGCGGCCCGGAGGA:A	Deletion	frameshift variant	Pathogenic	Aug 3, 2023	criteria provided, single submitter							
NM_000321.3(RB1):c.113_115delinsCT (p.Gly38fs)	RB1	G38fs	Retinoblastoma	VCV000126819	13	48878161 - 48878163	13	48304025 - 48304027	126819	132329	rs886037649	NC_000013.11:48304024:GCC:CT	Indel	frameshift variant	Pathogenic	Sep 16, 2013	no assertion criteria provided							
NM_000321.3(RB1):c.118del (p.Glu40fs)	RB1	E40fs	Hereditary cancer-predisposing syndrome	VCV000818546	13	48878165	13	48304029	818546	811824	rs1593412261	NC_000013.11:48304028:GG:G	Deletion	frameshift variant	Pathogenic	May 22, 2018	criteria provided, single submitter							
NM_000321.3(RB1):c.128dup (p.Leu44fs)	RB1	L44fs	Hereditary cancer-predisposing syndrome	VCV001769066	13	48878174 - 48878175	13	48304038 - 48304039	1769066	1826065		NC_000013.11:48304038:CC:CCC	Duplication	frameshift variant	Pathogenic	May 14, 2021	criteria provided, single submitter							
NM_000321.3(RB1):c.131_132del (p.Leu44fs)	RB1	L44fs	Retinoblastoma	VCV001999634	13	48878176 - 48878177	13	48304040 - 48304041	1999634	2057568		NC_000013.11:48304039:CTCTC:CTC	Microsatellite	frameshift variant	Pathogenic	May 27, 2022	criteria provided, single submitter							
NM_000321.3(RB1):c.136del (p.Arg46fs)	RB1	R46fs	Retinoblastoma	VCV002702775	13	48878184	13	48304048	2702775	2866326		NC_000013.11:48304047:A:	Deletion	frameshift variant	Pathogenic	Dec 13, 2023	criteria provided, single submitter							
NM_000321.3(RB1):c.154dup (p.Thr52fs)	RB1	T52fs	Retinoblastoma	VCV003237065	13	48881429 - 48881430	13	48307293 - 48307294	3237065	3396190		NC_000013.11:48307293:AAA:AAAA	Duplication	frameshift variant	Pathogenic	May 20, 2024	criteria provided, single submitter							
NM_000321.3(RB1):c.157_158del (p.Glu53fs)	RB1	E53fs	Retinoblastoma	VCV002842056	13	48881434 - 48881435	13	48307298 - 48307299	2842056	3000593		NC_000013.11:48307297:AGA:A	Deletion	frameshift variant	Pathogenic	May 20, 2024	criteria provided, multiple submitters, no conflicts							
NM_000321.3(RB1):c.164del (p.Pro55fs)	RB1	P55fs	Hereditary cancer-predisposing syndrome	VCV001777226	13	48881441	13	48307305	1777226	1831118		NC_000013.11:48307304:CC:C	Deletion	frameshift variant	Pathogenic	Mar 22, 2018	criteria provided, single submitter							
NM_000321.3(RB1):c.166_170del (p.Asp56fs)	RB1	D56fs	Retinoblastoma	VCV003237079	13	48881443 - 48881447	13	48307307 - 48307311	3237079	3396204		NC_000013.11:48307306:TGATTT:T	Deletion	frameshift variant	Pathogenic	May 20, 2024	criteria provided, single submitter							
NM_000321.3(RB1):c.174dup (p.Ala59fs)	RB1	A59fs	Retinoblastoma	VCV001185020	13	48881451 - 48881452	13	48307315 - 48307316	1185020	1174971	rs2138034025	NC_000013.11:48307315:T:TT	Duplication	frameshift variant	Pathogenic	Jun 8, 2021	criteria provided, single submitter							
NM_000321.3(RB1):c.219_220dup (p.Ala74fs)	RB1	A74fs	Retinoblastoma	VCV003237091	13	48881488 - 48881489	13	48307352 - 48307353	3237091	3396216		NC_000013.11:48307352:AGAGAGAGAG:AGAGAGAGAGAG	Microsatellite	frameshift variant	Pathogenic	May 20, 2024	criteria provided, single submitter							
NM_000321.3(RB1):c.217_220del (p.Arg73fs)	RB1	R73fs	Retinoblastoma	VCV002736015	13	48881489 - 48881492	13	48307353 - 48307356	2736015	2899007		NC_000013.11:48307352:AGAGAGAGAG:AGAGAG	Microsatellite	frameshift variant	Pathogenic	Nov 6, 2023	criteria provided, single submitter							
NM_000321.3(RB1):c.219_220del (p.Arg73fs)	RB1	R73fs	Hereditary cancer-predisposing syndrome|Retinoblastoma	VCV000126844	13	48881489 - 48881490	13	48307353 - 48307354	126844	132354	rs587778862	NC_000013.11:48307352:AGAGAGAGAG:AGAGAGAG	Microsatellite	frameshift variant	Pathogenic	Dec 25, 2024	criteria provided, multiple submitters, no conflicts							
NM_000321.3(RB1):c.217del (p.Arg73fs)	RB1	R73fs	Retinoblastoma	VCV000126843	13	48881495	13	48307359	126843	132353	rs587778840	NC_000013.11:48307358:A:	Deletion	frameshift variant	Pathogenic	Sep 16, 2013	no assertion criteria provided							
NM_000321.3(RB1):c.220del (p.Ala74fs)	RB1	A74fs	Retinoblastoma	VCV002022183	13	48881498	13	48307362	2022183	2080091		NC_000013.11:48307361:G:	Deletion	frameshift variant	Pathogenic	Aug 9, 2022	criteria provided, single submitter							
NM_000321.3(RB1):c.221_222insAG (p.Trp75fs)	RB1	W75fs	Retinoblastoma	VCV003237098	13	48881499 - 48881500	13	48307363 - 48307364	3237098	3396223		NC_000013.11:48307363::AG	Insertion	frameshift variant	Pathogenic	May 20, 2024	criteria provided, single submitter							
NM_000321.3(RB1):c.229_232del (p.Thr77fs)	RB1	T77fs	Retinoblastoma	VCV001359582	13	48881507 - 48881510	13	48307371 - 48307374	1359582	1370762	rs2138034389	NC_000013.11:48307370:ACTT:	Deletion	frameshift variant	Pathogenic	May 3, 2021	criteria provided, single submitter							
NM_000321.3(RB1):c.232del (p.Trp78fs)	RB1	W78fs	Retinoblastoma	VCV003237108	13	48881509	13	48307373	3237108	3396233		NC_000013.11:48307372:TT:T	Deletion	frameshift variant	Pathogenic	May 20, 2024	criteria provided, single submitter							
NM_000321.3(RB1):c.240del (p.Val81fs)	RB1	V81fs	Retinoblastoma	VCV002025099	13	48881516	13	48307380	2025099	2084302		NC_000013.11:48307379:AAA:AA	Deletion	frameshift variant	Pathogenic	Aug 20, 2022	criteria provided, single submitter							
NM_000321.3(RB1):c.272_276del (p.Tyr91fs)	RB1	Y91fs	Retinoblastoma	VCV000659122	13	48916740 - 48916744	13	48342604 - 48342608	659122	641956	rs1593434175	NC_000013.11:48342603:TTATATT:TT	Deletion	frameshift variant	Pathogenic	Jul 24, 2018	criteria provided, single submitter							
NM_000321.3(RB1):c.281dup (p.Lys95fs)	RB1	K95fs	Hereditary cancer-predisposing syndrome	VCV000428680	13	48916747 - 48916748	13	48342611 - 48342612	428680	420511	rs1131690862	NC_000013.11:48342611:AAAA:AAAAA	Duplication	frameshift variant	Pathogenic	Jul 10, 2013	criteria provided, single submitter							
NM_000321.3(RB1):c.281del (p.Lys94fs)	RB1	K94fs	Retinoblastoma	VCV003237118	13	48916748	13	48342612	3237118	3396243		NC_000013.11:48342611:AAAA:AAA	Deletion	frameshift variant	Pathogenic	May 20, 2024	criteria provided, single submitter							
NM_000321.3(RB1):c.287dup (p.Glu97fs)	RB1	E97fs	Retinoblastoma	VCV002034790	13	48916752 - 48916753	13	48342616 - 48342617	2034790	2090138		NC_000013.11:48342616:AAAAA:AAAAAA	Duplication	frameshift variant	Pathogenic	May 20, 2024	criteria provided, multiple submitters, no conflicts							
NM_000321.3(RB1):c.287del (p.Lys96fs)	RB1	K96fs	not provided|Retinoblastoma	VCV001197577	13	48916753	13	48342617	1197577	1188052	rs2138083574	NC_000013.11:48342616:AAAAA:AAAA	Deletion	frameshift variant	Pathogenic	Aug 3, 2023	criteria provided, multiple submitters, no conflicts							
NM_000321.3(RB1):c.289del (p.Glu97fs)	RB1	E97fs	Retinoblastoma	VCV003237121	13	48916758	13	48342622	3237121	3396246		NC_000013.11:48342621:GG:G	Deletion	frameshift variant	Pathogenic	May 20, 2024	criteria provided, single submitter							
NM_000321.3(RB1):c.288_289delinsA (p.Glu97fs)	RB1	E97fs	Retinoblastoma	VCV003237120	13	48916758 - 48916759	13	48342622 - 48342623	3237120	3396245		NC_000013.11:48342621:GG:A	Indel	frameshift variant	Pathogenic	May 20, 2024	criteria provided, single submitter							
NM_000321.3(RB1):c.295_296dup (p.Trp99fs)	RB1	W99fs	Retinoblastoma	VCV000935505	13	48916762 - 48916763	13	48342626 - 48342627	935505	936454	rs1952455844	NC_000013.11:48342626:TGTG:TGTGTG	Microsatellite	frameshift variant	Pathogenic	Jul 15, 2019	criteria provided, single submitter							
NM_000321.3(RB1):c.297_298insA (p.Gly100fs)	RB1	G100fs	Retinoblastoma	VCV000580262	13	48916767 - 48916768	13	48342631 - 48342632	580262	568556	rs1566186087	NC_000013.11:48342631::A	Insertion	frameshift variant	Pathogenic	Apr 24, 2018	criteria provided, single submitter							
NM_000321.3(RB1):c.305_306del (p.Cys102fs)	RB1	C102fs	Retinoblastoma|Neoplasm	VCV000126809	13	48916774 - 48916775	13	48342638 - 48342639	126809	132319	rs587778825	NC_000013.11:48342637:TGT:T	Deletion	frameshift variant	Pathogenic	Mar 2, 2024	criteria provided, single submitter				Likely oncogenic	Mar 4, 2025	criteria provided, single submitter	
NM_000321.3(RB1):c.306dup (p.Ile103fs)	RB1	I103fs	Retinoblastoma	VCV002754282	13	48916775 - 48916776	13	48342639 - 48342640	2754282	2913724		NC_000013.11:48342639:T:TT	Duplication	frameshift variant	Pathogenic	Aug 22, 2023	criteria provided, single submitter							
NM_000321.3(RB1):c.308del (p.Ile103fs)	RB1	I103fs	Retinoblastoma	VCV003237122	13	48916778	13	48342642	3237122	3396247		NC_000013.11:48342641:T:	Deletion	frameshift variant	Pathogenic	May 20, 2024	criteria provided, single submitter							
NM_000321.3(RB1):c.309_312del (p.Phe104fs)	RB1	F104fs	Retinoblastoma	VCV000965740	13	48916778 - 48916781	13	48342642 - 48342645	965740	957108	rs1952456105	NC_000013.11:48342641:TCTTT:T	Deletion	frameshift variant	Pathogenic	Nov 5, 2019	criteria provided, single submitter							
NM_000321.3(RB1):c.312del (p.Phe104fs)	RB1	F104fs	Retinoblastoma	VCV003237123	13	48916780	13	48342644	3237123	3396248		NC_000013.11:48342643:TTT:TT	Deletion	frameshift variant	Pathogenic	May 20, 2024	criteria provided, single submitter							
NM_000321.3(RB1):c.338_341dup (p.Phe115fs)	RB1	F115fs	Retinoblastoma	VCV003237124	13	48916807 - 48916808	13	48342671 - 48342672	3237124	3396249		NC_000013.11:48342671:TGTC:TGTCTGTC	Duplication	frameshift variant	Pathogenic	May 20, 2024	criteria provided, single submitter							
NM_000321.3(RB1):c.358_362dup (p.Gln121fs)	RB1	Q121fs	Hereditary cancer-predisposing syndrome|Retinoblastoma	VCV003231237	13	48916827 - 48916828	13	48342691 - 48342692	3231237	3391859		NC_000013.11:48342691:CTACA:CTACACTACA	Duplication	frameshift variant	Pathogenic	May 20, 2024	criteria provided, multiple submitters, no conflicts							
NM_000321.3(RB1):c.371_372del (p.Ile124fs)	RB1	I124fs	Hereditary cancer-predisposing syndrome|not provided|Retinoblastoma	VCV000590846	13	48916840 - 48916841	13	48342704 - 48342705	590846	581784	rs1566186125	NC_000013.11:48342703:ATA:A	Deletion	frameshift variant	Pathogenic	May 20, 2024	criteria provided, multiple submitters, no conflicts							
NM_000321.3(RB1):c.376del (p.Ile126fs)	RB1	I126fs	Retinoblastoma|not provided	VCV000282251	13	48916844	13	48342708	282251	266488	rs886042357	NC_000013.11:48342707:AAA:AA	Deletion	frameshift variant	Pathogenic	Jun 12, 2017	criteria provided, multiple submitters, no conflicts							
NM_000321.3(RB1):c.377del (p.Ile126fs)	RB1	I126fs	Retinoblastoma|Hereditary cancer-predisposing syndrome	VCV001076189	13	48916847	13	48342711	1076189	1062985	rs2138084130	NC_000013.11:48342710:T:	Deletion	frameshift variant	Pathogenic	Mar 16, 2020	criteria provided, multiple submitters, no conflicts							
NM_000321.3(RB1):c.390del (p.Lys130fs)	RB1	K130fs	Retinoblastoma	VCV001073220	13	48919223	13	48345087	1073220	1062986	rs2138087163	NC_000013.11:48345086:AAA:AA	Deletion	frameshift variant	Pathogenic	Jun 10, 2020	criteria provided, single submitter							
NM_000321.3(RB1):c.399del (p.Leu134fs)	RB1	L134fs	Retinoblastoma	VCV001071048	13	48919234	13	48345098	1071048	1062987	rs2138087235	NC_000013.11:48345097:C:	Deletion	frameshift variant	Pathogenic	Jun 20, 2018	criteria provided, single submitter							
NM_000321.3(RB1):c.417del (p.Asp139fs)	RB1	D139fs	Retinoblastoma	VCV001454802	13	48919252	13	48345116	1454802	1445138	rs2138087348	NC_000013.11:48345115:T:	Deletion	frameshift variant	Pathogenic	Jan 30, 2021	criteria provided, single submitter							
NM_000321.3(RB1):c.428_437del (p.Lys143fs)	RB1	K143fs	Retinoblastoma	VCV002131593	13	48919262 - 48919271	13	48345126 - 48345135	2131593	2189581		NC_000013.11:48345125:AAAGTTGATAA:A	Deletion	frameshift variant	Pathogenic	Apr 28, 2022	criteria provided, single submitter							
NM_000321.3(RB1):c.434del (p.Asp145fs)	RB1	D145fs	Hereditary cancer-predisposing syndrome	VCV000428740	13	48919269	13	48345133	428740	420515	rs1131690912	NC_000013.11:48345132:A:	Deletion	frameshift variant	Pathogenic	Dec 9, 2016	criteria provided, single submitter							
NM_000321.3(RB1):c.438_441del (p.Asn146fs)	RB1	N146fs	Retinoblastoma	VCV000126811	13	48919273 - 48919276	13	48345137 - 48345140	126811	132321	rs587778841	NC_000013.11:48345136:TGCT:	Deletion	frameshift variant	Pathogenic	Sep 16, 2013	no assertion criteria provided							
NM_000321.3(RB1):c.442_443del (p.Met148fs)	RB1	M148fs	Retinoblastoma	VCV003237127	13	48919276 - 48919277	13	48345140 - 48345141	3237127	3396252		NC_000013.11:48345139:TAT:T	Deletion	frameshift variant	Pathogenic	May 20, 2024	criteria provided, single submitter							
NM_000321.3(RB1):c.443del (p.Met148fs)	RB1	M148fs	Hereditary cancer-predisposing syndrome	VCV000428685	13	48919278	13	48345142	428685	420516	rs1131690867	NC_000013.11:48345141:T:	Deletion	frameshift variant	Pathogenic	Apr 17, 2015	criteria provided, single submitter							
NM_000321.3(RB1):c.453_454del (p.Leu152fs)	RB1	L152fs	Hereditary cancer-predisposing syndrome	VCV001741275	13	48919287 - 48919288	13	48345151 - 48345152	1741275	1808652		NC_000013.11:48345150:TGT:T	Deletion	frameshift variant	Pathogenic	Feb 22, 2019	criteria provided, single submitter							
NM_000321.3(RB1):c.453del (p.Leu151_Leu152insTer)	RB1		Retinoblastoma	VCV000995883	13	48919288	13	48345152	995883	983588	rs2138087597	NC_000013.11:48345151:G:	Deletion	frameshift variant	Pathogenic	May 20, 2024	criteria provided, multiple submitters, no conflicts							
NM_000321.3(RB1):c.456del (p.Lys153fs)	RB1	K153fs	Retinoblastoma	VCV003721289	13	48919291	13	48345155	3721289	3853656		NC_000013.11:48345154:G:	Deletion	frameshift variant	Pathogenic	Sep 27, 2024	criteria provided, single submitter							
NM_000321.3(RB1):c.459del (p.Lys154fs)	RB1	K154fs	Retinoblastoma	VCV001390834	13	48919294	13	48345158	1390834	1489552	rs2138087628	NC_000013.11:48345157:G:	Deletion	frameshift variant	Pathogenic	Apr 20, 2021	criteria provided, single submitter							
NM_000321.3(RB1):c.463dup (p.Tyr155fs)	RB1	Y155fs	Retinoblastoma	VCV000126813	13	48919297 - 48919298	13	48345161 - 48345162	126813	132323	rs587778854	NC_000013.11:48345161:T:TT	Duplication	frameshift variant	Pathogenic	Sep 16, 2013	no assertion criteria provided							
NM_000321.3(RB1):c.469del (p.Val157fs)	RB1	V157fs	Retinoblastoma	VCV003237130	13	48919304	13	48345168	3237130	3396255		NC_000013.11:48345167:G:	Deletion	frameshift variant	Pathogenic	May 20, 2024	criteria provided, single submitter							
NM_000321.3(RB1):c.485del (p.Phe162fs)	RB1	F162fs	Retinoblastoma	VCV003237131	13	48919319	13	48345183	3237131	3396256		NC_000013.11:48345182:TT:T	Deletion	frameshift variant	Pathogenic	May 20, 2024	criteria provided, single submitter							
NM_000321.3(RB1):c.488del (p.Ser163fs)	RB1	S163fs	Retinoblastoma	VCV003663735	13	48919323	13	48345187	3663735	3798326		NC_000013.11:48345186:G:	Deletion	frameshift variant	Pathogenic	Aug 28, 2024	criteria provided, single submitter							
NM_000321.3(RB1):c.505dup (p.Cys169fs)	RB1	C169fs	Retinoblastoma	VCV003644694	13	48921964 - 48921965	13	48347828 - 48347829	3644694	3786530		NC_000013.11:48347828:T:TT	Duplication	frameshift variant	Pathogenic	Mar 6, 2024	criteria provided, single submitter							
NM_000321.3(RB1):c.506dup (p.Cys169fs)	RB1	C169fs	Retinoblastoma	VCV001357807	13	48921965 - 48921966	13	48347829 - 48347830	1357807	1367703	rs2138091538	NC_000013.11:48347829:G:GG	Duplication	frameshift variant	Pathogenic	Feb 25, 2021	criteria provided, single submitter							
NM_000321.3(RB1):c.506del (p.Cys169fs)	RB1	C169fs	Hereditary cancer-predisposing syndrome	VCV001745147	13	48921966	13	48347830	1745147	1805993		NC_000013.11:48347829:G:	Deletion	frameshift variant	Pathogenic	Oct 16, 2020	criteria provided, single submitter							
NM_000321.3(RB1):c.510del (p.Glu170fs)	RB1	E170fs	Retinoblastoma	VCV000527905	13	48921969	13	48347833	527905	527778	rs1555283482	NC_000013.11:48347832:AA:A	Deletion	frameshift variant	Pathogenic	Oct 2, 2017	criteria provided, single submitter							
NM_000321.3(RB1):c.517_518insTCGAT (p.Tyr173fs)	RB1	Y173fs	Retinoblastoma	VCV002833060	13	48921975 - 48921976	13	48347839 - 48347840	2833060	3001387		NC_000013.11:48347839:AT:ATTCGAT	Insertion	frameshift variant	Pathogenic	Jan 30, 2023	criteria provided, single submitter							
NM_000321.3(RB1):c.526_527del (p.Gln176fs)	RB1	Q176fs	Hereditary cancer-predisposing syndrome	VCV001746436	13	48921983 - 48921984	13	48347847 - 48347848	1746436	1809924		NC_000013.11:48347846:ACACA:ACA	Microsatellite	frameshift variant	Pathogenic	Aug 18, 2023	criteria provided, single submitter							
NM_000321.3(RB1):c.524del (p.Thr175fs)	RB1	T175fs	Hereditary cancer-predisposing syndrome	VCV001746347	13	48921984	13	48347848	1746347	1809836		NC_000013.11:48347847:C:	Deletion	frameshift variant	Pathogenic	Oct 9, 2018	criteria provided, single submitter							
